id,name,price,image,category,description,images,sizes,stock
01,Henley Polo,750,/shirt-01,shirts,Classic henley style polo with soft fabric,/shirt-01,S|M|L|XL|XXL,In Stock
02,Cream Cotton Polo,750,/shirt-02,shirts,Cream cotton polo for casual wear,/shirt-02,S|M|L|XL|XXL,In Stock
03,Taupe Fabric Polo,750,/shirt-03,shirts,Taupe color polo with premium fabric,/shirt-03,S|M|L|XL|XXL,In Stock
04,Black Pique Polo,750,/shirt-04,shirts,Black pique polo with breathable texture,/shirt-04,S|M|L|XL|XXL,In Stock
05,Olive Gray Polo,750,/shirt-05,shirts,Olive gray polo shirt for everyday use,/shirt-05,S|M|L|XL|XXL,In Stock
06,Brown Striped Shirt,550,/shirt-06,shirts,Brown striped casual shirt,/shirt-06,S|M|L|XL|XXL,In Stock
07,Beige Striped Tee,550,/shirt-07,shirts,Beige striped tee shirt,/shirt-07,S|M|L|XL|XXL,In Stock
08,White Long Sleeve Tee,650,/shirt-08,shirts,White long sleeve tee shirt,/shirt-08,S|M|L|XL|XXL,In Stock
09,Grey Long Sleeve Tee,650,/shirt-09,shirts,Grey long sleeve tee shirt,/shirt-09,S|M|L|XL|XXL,In Stock
10,Light Blue Long Sleeve Tee,650,/shirt-10,shirts,Light blue long sleeve tee shirt,/shirt-10,S|M|L|XL|XXL,In Stock
11,White Leaf Print Shirt,800,/shirt-11,shirts,White shirt with leaf print design,/shirt-11,S|M|L|XL|XXL,In Stock
12,Cream Abstract Print Shirt,800,/shirt-12,shirts,Cream shirt with abstract print,/shirt-12,S|M|L|XL|XXL,In Stock
13,Gray Monogram Print Shirt,800,/shirt-13,shirts,Gray shirt with monogram print,/shirt-13,S|M|L|XL|XXL,In Stock
14,Dusty Blue Floral Shirt,800,/shirt-14,shirts,Dusty blue shirt with floral pattern,/shirt-14,S|M|L|XL|XXL,In Stock
15,Sage Green Polo,650,/shirt-15,shirts,Sage green polo shirt,/shirt-15,S|M|L|XL|XXL,In Stock
16,White Polo,650,/shirt-16,shirts,Classic white polo shirt,/shirt-16,S|M|L|XL|XXL,In Stock
17,Off White Polo,650,/shirt-17,shirts,Off white polo shirt,/shirt-17,S|M|L|XL|XXL,In Stock
18,Tan And Navy Tone Khaki,850,/shirt-18,shirts,Tan and navy color block khaki shirt,/shirt-18,S|M|L|XL|XXL,In Stock
19,Dark Blue & White Tee,850,/shirt-19,shirts,Dark blue and white color block tee,/shirt-19,S|M|L|XL|XXL,In Stock
20,Red Black Two-Tone Shirt,850,/shirt-20,shirts,Red and black two-tone shirt,/shirt-20,S|M|L|XL|XXL,In Stock
21,Mustard Polo,700,/shirt-21,shirts,Mustard yellow polo shirt,/shirt-21,S|M|L|XL|XXL,In Stock
22,Maroon Polo,700,/shirt-22,shirts,Maroon polo shirt,/shirt-22,S|M|L|XL|XXL,In Stock
23,Black Polo,700,/shirt-23,shirts,Classic black polo shirt,/shirt-23,S|M|L|XL|XXL,In Stock
24,Light Blue Polo,700,/shirt-24,shirts,Light blue polo shirt,/shirt-24,S|M|L|XL|XXL,In Stock
25,White Polo,650,/shirt-25,shirts,Plain white polo shirt,/shirt-25,S|M|L|XL|XXL,In Stock
26,Black Graphic Tee,650,/shirt-26,shirts,Black tee with graphic print,/shirt-26,S|M|L|XL|XXL,In Stock
27,Blacksmith Tee,650,/shirt-27,shirts,Blacksmith graphic tee shirt,/shirt-27,S|M|L|XL|XXL,In Stock
28,Beige Graphic Tee,650,/shirt-28,shirts,Beige tee with graphic print,/shirt-28,S|M|L|XL|XXL,In Stock
29,White Striped Tee,850,/shirt-29,shirts,White shirt with black stripes,/shirt-29,S|M|L|XL|XXL,In Stock
30,Red Striped Shirt,850,/shirt-30,shirts,Red shirt with black stripes,/shirt-30,S|M|L|XL|XXL,In Stock
31,White Graphic Print Shirt,1050,/shirt-31,shirts,White shirt with graphic print,/shirt-31,S|M|L|XL|XXL,In Stock
32,Gray Pattern Shirt,650,/shirt-32,shirts,Gray shirt with pattern design,/shirt-32,S|M|L|XL|XXL,In Stock
33,Light Gray Printed Shirt,650,/shirt-33,shirts,Light gray shirt with print,/shirt-33,S|M|L|XL|XXL,In Stock
34,Lime Green Shirt,650,/shirt-34,shirts,Lime green casual shirt,/shirt-34,S|M|L|XL|XXL,In Stock
35,Pale Yellow Shirt,650,/shirt-35,shirts,Pale yellow casual shirt,/shirt-35,S|M|L|XL|XXL,In Stock
36,White Navy Trim Shirt,650,/shirt-36,shirts,White shirt with navy trim,/shirt-36,S|M|L|XL|XXL,In Stock
37,Sky Blue Navy Shirt,1050,/shirt-37,shirts,Sky blue shirt with navy details,/shirt-37,S|M|L|XL|XXL,In Stock
38,Baby Pink Navy Shirt,1050,/shirt-38,shirts,Baby pink shirt with navy details,/shirt-38,S|M|L|XL|XXL,In Stock
39,Lilac Purple Navy Shirt,1050,/shirt-39,shirts,Lilac purple shirt with navy details,/shirt-39,S|M|L|XL|XXL,In Stock
40,Olive Green Navy Shirt,1050,/shirt-40,shirts,Olive green shirt with navy details,/shirt-40,S|M|L|XL|XXL,In Stock
41,White Black Trim Cuffs Shirt,1050,/shirt-41,shirts,White shirt with black trim on cuffs,/shirt-41,S|M|L|XL|XXL,In Stock
42,Pink Vertical Stripe Shirt,1050,/shirt-42,shirts,Pink shirt with vertical stripes,/shirt-42,S|M|L|XL|XXL,In Stock
43,Chocolate Brown Chinos,950,/trouser-01,trousers,Classic chocolate brown chino trousers,/trouser-01,S|M|L|XL|XXL,In Stock
44,3-Pack Neutral Chinos,800,/trouser-02,trousers,Pack of light tan dark brown and charcoal chinos,/trouser-02,S|M|L|XL|XXL,In Stock
45,Black Slim Fit Jeans,100,/trouser-03,trousers,Black slim fit denim jeans,/trouser-03,S|M|L|XL|XXL,In Stock
46,Multi-Wash Denim Pack,800,/trouser-04,trousers,Pack with light blue medium blue and dark gray denim,/trouser-04,S|M|L|XL|XXL,In Stock
47,Black Straight Fit Trousers,950,/trouser-05,trousers,Black straight fit casual trousers,/trouser-05,S|M|L|XL|XXL,In Stock
48,Beige Khaki Chinos,800,/trouser-06,trousers,Beige khaki chino trousers,/trouser-06,S|M|L|XL|XXL,In Stock
49,Indigo Skinny Jeans,950,/trouser-07,trousers,Dark indigo skinny fit jeans,/trouser-07,S|M|L|XL|XXL,In Stock
50,Navy Blue Denim Jeans,950,/trouser-08,trousers,Navy blue slim fit denim jeans,/trouser-08,S|M|L|XL|XXL,In Stock
51,Dark Wash Embroidered Jeans,950,/trouser-09,trousers,Dark wash denim jeans with embroidery detail,/trouser-09,S|M|L|XL|XXL,In Stock
52,Black Casual Trousers,800,/trouser-10,trousers,Plain black casual trousers,/trouser-10,S|M|L|XL|XXL,In Stock
53,Charcoal Gray Chinos,950,/trouser-11,trousers,Charcoal gray chino trousers,/trouser-11,S|M|L|XL|XXL,In Stock
54,Olive Green Cargo Trousers,800,/trouser-12,trousers,Olive green cargo style trousers,/trouser-12,S|M|L|XL|XXL,In Stock
55,Sand Beige Chinos,800,/trouser-13,trousers,Light sand beige chino trousers,/trouser-13,S|M|L|XL|XXL,In Stock
56,Urban Black Bomber Jacket,850,/jacket-01,jackets,Classic bomber cut with ribbed cuffs and collar perfect for casual streetwear,/jacket-01,S|M|L|XL|XXL,In Stock
57,Classic Denim Blue Jacket,920,/jacket-02,jackets,Timeless denim jacket with button front and chest pockets goes with everything,/jacket-02,S|M|L|XL|XXL,In Stock
58,Matt Black Puffer Jacket,980,/jacket-03,jackets,Lightweight puffer with quilted design warm without the bulk,/jacket-03,S|M|L|XL|XXL,In Stock
59,Khaki Utility Jacket,750,/jacket-04,jackets,Multi pocket utility jacket with adjustable cuffs rugged and functional,/jacket-04,S|M|L|XL|XXL,In Stock
60,Olive Green Military Jacket,890,/jacket-05,jackets,Military inspired field jacket with epaulettes and zip front,/jacket-05,S|M|L|XL|XXL,In Stock
61,Retro Brown Corduroy Jacket,770,/jacket-06,jackets,Soft corduroy jacket with a vintage feel great for layering,/jacket-06,S|M|L|XL|XXL,In Stock
62,Slim Fit Grey Jacket,820,/jacket-07,jackets,Tailored slim fit jacket for a clean modern look lightweight,/jacket-07,S|M|L|XL|XXL,In Stock
63,Navy Blue Varsity Jacket,950,/jacket-08,jackets,Classic varsity jacket with ribbed trims and snap buttons,/jacket-08,S|M|L|XL|XXL,In Stock
64,Beige Trench Style Jacket,1000,/jacket-09,jackets,Minimal trench inspired jacket with belt and storm flap,/jacket-09,S|M|L|XL|XXL,In Stock
65,Red Streetwear Jacket,880,/jacket-10,jackets,Bold red jacket with oversized fit statement piece for street style,/jacket-10,S|M|L|XL|XXL,In Stock
66,Black Leather Look Jacket,990,/jacket-11,jackets,Faux leather jacket with zip closure and biker silhouette,/jacket-11,S|M|L|XL|XXL,In Stock
67,Stone Grey Windbreaker Jacket,720,/jacket-12,jackets,Wind resistant lightweight jacket with hood ideal for rainy days,/jacket-12,S|M|L|XL|XXL,In Stock
68,Cream Casual Jacket,760,/jacket-13,jackets,Relaxed fit casual jacket with soft lining easy everyday wear,/jacket-13,S|M|L|XL|XXL,In Stock
69,Forest Green Outdoor Jacket,930,/jacket-14,jackets,Durable outdoor jacket with water resistant coating,/jacket-14,S|M|L|XL|XXL,In Stock
70,Charcoal Zip-Up Jacket,810,/jacket-15,jackets,Minimal zip up jacket with two side pockets clean and versatile,/jacket-15,S|M|L|XL|XXL,In Stock
71,Camel Suede Jacket,970,/jacket-16,jackets,Soft suede finish jacket with button front premium look without the price,/jacket-16,S|M|L|XL|XXL,In Stock
72,White Minimal Jacket,700,/jacket-17,jackets,Clean white jacket with minimal branding perfect base layer,/jacket-17,S|M|L|XL|XXL,In Stock
73,Dark Blue Denim Jacket,870,/jacket-18,jackets,Darker wash denim jacket with distressed details,/jacket-18,S|M|L|XL|XXL,In Stock
74,Burgundy Bomber Jacket,840,/jacket-19,jackets,Bomber jacket in rich burgundy with ribbed trims,/jacket-19,S|M|L|XL|XXL,In Stock
75,Oversized Black Jacket,920,/jacket-20,jackets,Oversized fit black jacket for a relaxed streetwear vibe,/jacket-20,S|M|L|XL|XXL,In Stock
76,Light Grey Casual Jacket,790,/jacket-21,jackets,Lightweight casual jacket with soft feel and clean cut,/jacket-21,S|M|L|XL|XXL,In Stock
77,Brown leather sandals,600,/shoe-01,shoes,Brown leather sandals,/shoe-01,38|39|40|41|42|43,In Stock
78,Dark brown leather Tx,950,/shoe-02,shoes,Dark brown leather Tx,/shoe-02,38|39|40|41|42|43,In Stock
79,Marron patent block heels,750,/shoe-03,shoes,Marron patent block heels,/shoe-03,38|39|40|41|42|43,In Stock
80,Black golden buckle brogue,950,/shoe-04,shoes,Black golden buckle brogue,/shoe-04,38|39|40|41|42|43,In Stock
81,Nude pink block heels,750,/shoe-05,shoes,Nude pink block heels,/shoe-05,38|39|40|41|42|43,In Stock
82,Black leather sneaker,900,/shoe-06,shoes,Black leather sneaker,/shoe-06,38|39|40|41|42|43,In Stock
83,Brown mesh runner,750,/shoe-07,shoes,Brown mesh runner,/shoe-07,38|39|40|41|42|43,In Stock
84,Multi pastel sneaker,1000,/shoe-08,shoes,Multi pastel sneaker,/shoe-08,38|39|40|41|42|43,In Stock
85,Black leather slip on,700,/shoe-09,shoes,Black leather slip on,/shoe-09,38|39|40|41|42|43,In Stock
86,Leopard print,950,/shoe-10,shoes,Leopard print,/shoe-10,38|39|40|41|42|43,In Stock
87,Off marron block heel,600,/shoe-11,shoes,Off marron block heel,/shoe-11,38|39|40|41|42|43,In Stock
88,Off gray canvas,950,/shoe-12,shoes,Off gray canvas,/shoe-12,38|39|40|41|42|43,In Stock
89,Multi color Darby,700,/shoe-13,shoes,Multi color Darby,/shoe-13,38|39|40|41|42|43,In Stock
90,Black sneaker,750,/shoe-14,shoes,Black sneaker,/shoe-14,38|39|40|41|42|43,In Stock
91,Leather pink heels,800,/shoe-15,shoes,Leather pink heels,/shoe-15,38|39|40|41|42|43,In Stock
92,Golden strappy loafer,1050,/shoe-16,shoes,Golden strappy loafer,/shoe-16,38|39|40|41|42|43,In Stock
93,White flat heel,800,/shoe-17,shoes,White flat heel,/shoe-17,38|39|40|41|42|43,In Stock
94,Brown loafer,900,/shoe-18,shoes,Brown loafer,/shoe-18,38|39|40|41|42|43,In Stock
95,Pink strappy heel,850,/shoe-19,shoes,Pink strappy heel,/shoe-19,38|39|40|41|42|43,In Stock
96,Camo hiking,950,/shoe-20,shoes,Camo hiking,/shoe-20,38|39|40|41|42|43,In Stock
97,White strappy heel,850,/shoe-21,shoes,White strappy heel,/shoe-21,38|39|40|41|42|43,In Stock
98,Black leather opens,450,/shoe-22,shoes,Black leather opens,/shoe-22,38|39|40|41|42|43,In Stock
99,Mock leopard sandals,500,/shoe-23,shoes,Mock leopard sandals,/shoe-23,38|39|40|41|42|43,In Stock
100,Black leather loafer,1000,/shoe-24,shoes,Black leather loafer,/shoe-24,38|39|40|41|42|43,In Stock
101,Slip on heel,800,/shoe-25,shoes,Slip on heel,/shoe-25,38|39|40|41|42|43,In Stock
102,Sport airforce,1100,/shoe-26,shoes,Sport airforce,/shoe-26,38|39|40|41|42|43,In Stock
103,Light runner sport,1000,/shoe-27,shoes,Light runner sport,/shoe-27,38|39|40|41|42|43,In Stock
104,Black leather mock,1150,/shoe-28,shoes,Black leather mock,/shoe-28,38|39|40|41|42|43,In Stock
105,Off grey sneaker,950,/shoe-29,shoes,Off grey sneaker,/shoe-29,38|39|40|41|42|43,In Stock
106,Stuffy open sandal,550,/shoe-30,shoes,Stuffy open sandal,/shoe-30,38|39|40|41|42|43,In Stock
107,Cream sandals,450,/shoe-31,shoes,Cream sandals,/shoe-31,38|39|40|41|42|43,In Stock
108,Black leather polisher,950,/shoe-32,shoes,Black leather polisher,/shoe-32,38|39|40|41|42|43,In Stock
109,White&black striped airforce,1050,/shoe-33,shoes,White&black striped airforce,/shoe-33,38|39|40|41|42|43,In Stock
110,Nike grey airforce,1050,/shoe-34,shoes,Nike grey airforce,/shoe-34,38|39|40|41|42|43,In Stock
111,White Nike airforce,1050,/shoe-35,shoes,White Nike airforce,/shoe-35,38|39|40|41|42|43,In Stock
112,Black sport shoe,1000,/shoe-36,shoes,Black sport shoe,/shoe-36,38|39|40|41|42|43,In Stock
113,Paired sandals,600,/shoe-37,shoes,Paired sandals,/shoe-37,38|39|40|41|42|43,In Stock
114,Leather brash,950,/shoe-38,shoes,Leather brash,/shoe-38,38|39|40|41|42|43,In Stock
115,Brown open sandal,900,/shoe-39,shoes,Brown open sandal,/shoe-39,38|39|40|41|42|43,In Stock
116,Paired sport shoes,850,/shoe-40,shoes,Paired sport shoes,/shoe-40,38|39|40|41|42|43,In Stock
117,Real Madrid Home Kit,520,/jersey-01,jerseys,Available sizes: S M L XL 2XL 3XL Fan version breathable material,/jersey-01,S|M|L|XL|2XL|3XL,In Stock
118,Manchester City Away Kit,540,/jersey-02,jerseys,Available sizes: S M L XL 2XL 3XL Qatar Airways sponsor,/jersey-02,S|M|L|XL|2XL|3XL,In Stock
119,England Cricket ODI Jersey,550,/jersey-03,jerseys,Available sizes: S M L XL 2XL Moisture-wicking fabric,/jersey-03,S|M|L|XL|2XL|3XL,In Stock
120,PSG Retro Classic Jersey,500,/jersey-04,jerseys,Available sizes: S M L XL 2XL 3XL Retro 90s design,/jersey-04,S|M|L|XL|2XL|3XL,In Stock
121,Liverpool Training Jersey,530,/jersey-05,jerseys,Available sizes: S M L XL 2XL 3XL Lightweight training material,/jersey-05,S|M|L|XL|2XL|3XL,In Stock
122,Liverpool Home Kit,550,/jersey-06,jerseys,Available sizes: S M L XL 2XL Player edition fit,/jersey-06,S|M|L|XL|2XL|3XL,In Stock
123,Wolves Away Kit,510,/jersey-07,jerseys,Available sizes: S M L XL 2XL 3XL Regular fit,/jersey-07,S|M|L|XL|2XL|3XL,In Stock
124,Liverpool Goalkeeper Kit,540,/jersey-08,jerseys,Available sizes: S M L XL 2XL 3XL Padded sleeves option,/jersey-08,S|M|L|XL|2XL|3XL,In Stock
125,Arsenal Home Kit,520,/jersey-09,jerseys,Available sizes: S M L XL 2XL 3XL Classic Gunners design,/jersey-09,S|M|L|XL|2XL|3XL,In Stock
126,Manchester United Home Kit,550,/jersey-10,jerseys,Available sizes: S M L XL 2XL 3XL Adidas crest,/jersey-10,S|M|L|XL|2XL|3XL,In Stock
127,Arsenal Club Home Jersey,530,/jersey-11,jerseys,Available sizes: S M L XL 2XL 3XL Fan version,/jersey-11,S|M|L|XL|2XL|3XL,In Stock
128,Quatar Away Kit,540,/jersey-12,jerseys,Available sizes: S M L XL 2XL 3XL Away kit,/jersey-12,S|M|L|XL|2XL|3XL,In Stock
129,Arsenal Away Kit,520,/jersey-13,jerseys,Available sizes: S M L XL 2XL 3XL White with red trim,/jersey-13,S|M|L|XL|2XL|3XL,In Stock
130,Chelsea Home Kit,510,/jersey-14,jerseys,Available sizes: S M L XL 2XL 3XL Blue home colors,/jersey-14,S|M|L|XL|2XL|3XL,In Stock
131,Real Madrid Training Kit,500,/jersey-15,jerseys,Available sizes: S M L XL 2XL 3XL Lightweight training wear,/jersey-15,S|M|L|XL|2XL|3XL,In Stock
132,Real Madrid Sleeveless Training Kit,500,/jersey-16,jerseys,Available sizes: S M L XL 2XL Gym and training use,/jersey-16,S|M|L|XL|2XL|3XL,In Stock
133,Real Madrid Away Kit,550,/jersey-17,jerseys,Available sizes: S M L XL 2XL 3XL Blue away kit,/jersey-17,S|M|L|XL|2XL|3XL,In Stock
134,Real Madrid Third Kit,540,/jersey-18,jerseys,Available sizes: S M L XL 2XL 3XL Black with gold trim,/jersey-18,S|M|L|XL|2XL|3XL,In Stock
135,Real Madrid Anniversary Kit,530,/jersey-19,jerseys,Available sizes: S M L XL 2XL 3XL Pink/purple gradient,/jersey-19,S|M|L|XL|2XL|3XL,In Stock
136,Real Madrid UCL Kit,550,/jersey-20,jerseys,Available sizes: S M L XL 2XL 3XL Champions League version,/jersey-20,S|M|L|XL|2XL|3XL,In Stock
137,Brazil Home Kit,540,/jersey-21,jerseys,Available sizes: S M L XL 2XL 3XL Yellow iconic kit,/jersey-21,S|M|L|XL|2XL|3XL,In Stock
138,South Africa Away Kit,500,/jersey-22,jerseys,Available sizes: S M L XL 2XL 3XL Green/black pattern,/jersey-22,S|M|L|XL|2XL|3XL,In Stock
139,Japan Home Kit,530,/jersey-23,jerseys,Available sizes: S M L XL 2XL 3XL Blue origami design,/jersey-23,S|M|L|XL|2XL|3XL,In Stock
140,Manchester United Away Kit,520,/jersey-24,jerseys,Available sizes: S M L XL 2XL 3XL Retro Vodafone kit,/jersey-24,S|M|L|XL|2XL|3XL,In Stock
141,England Away Kit,500,/jersey-25,jerseys,Available sizes: S M L XL 2XL 3XL 1990 retro,/jersey-25,S|M|L|XL|2XL|3XL,In Stock
142,Portugal Home Kit,530,/jersey-26,jerseys,Available sizes: S M L XL 2XL 3XL Red home kit,/jersey-26,S|M|L|XL|2XL|3XL,In Stock
143,Zion Team Home Kit,510,/jersey-27,jerseys,Available sizes: S M L XL 2XL 3XL FKF official colors,/jersey-27,S|M|L|XL|2XL|3XL,In Stock
144,South Africa GK Away Kit,500,/jersey-28,jerseys,Available sizes: S M L XL 2XL 3XL Yellow goalkeeper kit,/jersey-28,S|M|L|XL|2XL|3XL,In Stock
145,Turkey Training Kit,500,/jersey-29,jerseys,Available sizes: S M L XL 2XL 3XL Light blue training wear,/jersey-29,S|M|L|XL|2XL|3XL,In Stock
146,England Away Kit,500,/jersey-30,jerseys,Available sizes: S M L XL 2XL 3XL 1982 retro,/jersey-30,S|M|L|XL|2XL|3XL,In Stock
147,Kenya National Team Home Kit,510,/jersey-31,jerseys,Available sizes: S M L XL 2XL 3XL Green/red trim,/jersey-31,S|M|L|XL|2XL|3XL,In Stock
148,Mexico Away Kit,540,/jersey-32,jerseys,Available sizes: S M L XL 2XL 3XL Green geometric pattern,/jersey-32,S|M|L|XL|2XL|3XL,In Stock
149,Bafana Special Edition Kit,550,/jersey-33,jerseys,Available sizes: S M L XL 2XL 3XL Navy abstract design,/jersey-33,S|M|L|XL|2XL|3XL,In Stock
150,Manchester United Training Top,500,/jersey-34,jerseys,Available sizes: S M L XL 2XL 3XL Academy training top,/jersey-34,S|M|L|XL|2XL|3XL,In Stock
151,Argentina Home Kit,550,/jersey-35,jerseys,Available sizes: S M L XL 2XL 3XL World Cup champions kit,/jersey-35,S|M|L|XL|2XL|3XL,In Stock
152,Manchester United Home Kit,550,/jersey-36,jerseys,Available sizes: S M L XL 2XL 3XL Red home kit,/jersey-36,S|M|L|XL|2XL|3XL,In Stock
153,Manchester united Home Kit,520,/jersey-37,jerseys,Available sizes: S M L XL 2XL 3XL Retro yellow kit,/jersey-37,S|M|L|XL|2XL|3XL,In Stock
154,America retro home kit,510,/jersey-38,jerseys,Available sizes: S M L XL 2XL 3XL Navy pre-match kit,/jersey-38,S|M|L|XL|2XL|3XL,In Stock
155,France training kit,500,/jersey-39,jerseys,Available sizes: S M L XL 2XL 3XL White with green/gold trim,/jersey-39,S|M|L|XL|2XL|3XL,In Stock
156,South africa away kit,510,/jersey-40,jerseys,Available sizes: S M L XL 2XL 3XL Nike training drill top,/jersey-40,S|M|L|XL|2XL|3XL,In Stock
